case,cavities,material_type,molde_area,costs,complexity,subcontracting,num_peca,start_timestamp,time:timestamp,activity,org:resource,sub_processo
2846,2+2,PA66 GF40,Automovel,106000,3,0,900,2016-05-31 14:47:00,2016-06-20 03:08:45,Retificacao,User 37,RETIFICACAO
2846,2+2,PA66 GF40,Automovel,106000,3,0,900,2016-06-06 15:45:30,2016-06-26 07:42:04,Bancada,User 115,RETIFICACAO
2846,2+2,PA66 GF40,Automovel,106000,3,0,900,2016-06-07 09:15:22,2016-06-07 11:10:44,Estrutura,User 25,RETIFICACAO
2846,2+2,PA66 GF40,Automovel,106000,3,0,900,2016-06-07 09:59:59,2016-06-07 11:49:18,Polimento,User 106,RETIFICACAO
2846,2+2,PA66 GF40,Automovel,106000,3,0,900,2016-06-07 10:23:41,2016-06-27 19:51:28,Bancada,User 96,RETIFICACAO
2846,2+2,PA66 GF40,Automovel,106000,3,0,900,2016-07-11 08:29:18,2016-07-11 12:30:04,Estrutura,User 25,RETIFICACAO
2846,2+2,PA66 GF40,Automovel,106000,3,0,900,2016-07-11 13:29:42,2016-07-11 15:28:33,Preliminares,User 25,RETIFICACAO
2846,2+2,PA66 GF40,Automovel,106000,3,0,900,2016-07-11 13:30:48,2016-08-01 14:39:15,Bancada,User 96,RETIFICACAO
2846,2+2,PA66 GF40,Automovel,106000,3,0,900,2016-07-18 16:18:49,2016-07-18 18:30:50,Estrutura,User 25,RETIFICACAO
2846,2+2,PA66 GF40,Automovel,106000,3,0,900,2016-07-20 08:02:09,2016-07-20 08:02:13,Preliminares,User 25,RETIFICACAO
2846,2+2,PA66 GF40,Automovel,106000,3,0,900,2016-07-22 08:21:42,2016-08-13 09:30:21,Bancada,User 96,RETIFICACAO
2846,2+2,PA66 GF40,Automovel,106000,3,0,900,2016-09-01 09:45:01,2016-09-01 12:11:01,Estrutura,User 25,RETIFICACAO
2846,2+2,PA66 GF40,Automovel,106000,3,0,900,2016-09-06 17:28:04,2016-09-29 08:50:19,Bancada,User 118,RETIFICACAO
2846,2+2,PA66 GF40,Automovel,106000,3,0,900,2016-10-24 15:22:25,2016-10-24 17:27:02,Fresagem,User 72,RETIFICACAO
2846,2+2,PA66 GF40,Automovel,106000,3,0,900,2016-11-04 10:29:33,2016-11-28 13:23:39,Bancada,User 96,RETIFICACAO
2846,2+2,PA66 GF40,Automovel,106000,3,0,900,2016-12-06 10:28:17,2016-12-30 15:45:21,Prensa,User 115,RETIFICACAO
2846,2+2,PA66 GF40,Automovel,106000,3,0,900,2016-12-06 13:30:24,2016-12-31 20:46:59,Bancada,User 121,RETIFICACAO
2846,2+2,PA66 GF40,Automovel,106000,3,0,900,2017-03-16 16:37:11,2017-04-11 01:36:22,Estrutura,User 25,RETIFICACAO
2846,2+2,PA66 GF40,Automovel,106000,3,0,900,2017-03-17 08:45:02,2017-04-11 21:36:54,Preliminares,User 25,RETIFICACAO
2846,2+2,PA66 GF40,Automovel,106000,3,0,900,2017-03-24 14:55:48,2017-04-20 00:20:38,Bancada,User 94,RETIFICACAO
2846,2+2,PA66 GF40,Automovel,106000,3,0,900,2017-04-06 15:10:16,2017-04-06 16:27:58,Fresagem,User 74,RETIFICACAO
2846,2+2,PA66 GF40,Automovel,106000,3,0,900,2017-04-11 08:03:32,2017-05-08 15:41:08,Bancada,User 121,RETIFICACAO
2846,2+2,PA66 GF40,Automovel,106000,3,0,900,2017-04-13 08:05:04,2017-04-13 12:14:42,Retificacao,User 37,RETIFICACAO
2846,2+2,PA66 GF40,Automovel,106000,3,0,900,2017-04-13 13:29:08,2017-05-11 05:40:17,Bancada,User 96,RETIFICACAO
2846,2+2,PA66 GF40,Automovel,106000,3,0,900,2017-04-17 11:17:15,2017-04-17 11:58:36,Polimento,User 13,RETIFICACAO
2846,2+2,PA66 GF40,Automovel,106000,3,0,900,2017-04-18 15:50:23,2017-04-18 18:32:00,Bancada,User 14,RETIFICACAO
2846,2+2,PA66 GF40,Automovel,106000,3,0,900,2017-05-18 08:01:06,2017-05-18 08:49:34,Estrutura,User 25,RETIFICACAO
2846,2+2,PA66 GF40,Automovel,106000,3,0,900,2017-06-19 13:53:04,2017-06-19 14:58:18,Trabalho Interno,User 25,RETIFICACAO
2846,2+2,PA66 GF40,Automovel,106000,3,0,900,2017-06-22 08:53:34,2017-07-20 11:00:32,Bancada,User 96,RETIFICACAO
2846,2+2,PA66 GF40,Automovel,106000,3,0,900,2017-06-27 14:12:02,2017-06-27 15:33:19,Trabalho Interno,User 25,RETIFICACAO
2846,2+2,PA66 GF40,Automovel,106000,3,0,900,2017-07-03 10:34:23,2017-08-01 20:42:54,Bancada,User 115,RETIFICACAO
2846,2+2,PA66 GF40,Automovel,106000,3,0,900,2017-07-27 19:35:20,2017-08-26 13:03:05,Polimento,User 106,RETIFICACAO
2846,2+2,PA66 GF40,Automovel,106000,3,0,900,2017-12-11 13:53:37,2017-12-11 14:51:08,Estrutura,User 25,RETIFICACAO
2846,2+2,PA66 GF40,Automovel,106000,3,0,900,2017-12-14 08:14:31,2018-01-14 01:26:32,Bancada,User 115,RETIFICACAO
2846,2+2,PA66 GF40,Automovel,106000,3,0,900,2018-01-19 12:01:11,2018-01-19 12:30:06,Estrutura,User 27,RETIFICACAO
2846,2+2,PA66 GF40,Automovel,106000,3,0,900,2018-01-19 13:28:56,2018-01-19 15:06:09,Preliminares,User 27,RETIFICACAO
2846,2+2,PA66 GF40,Automovel,106000,3,0,900,2018-01-19 15:37:10,2018-01-19 17:02:47,Estrutura,User 27,RETIFICACAO
2846,2+2,PA66 GF40,Automovel,106000,3,0,900,2018-01-22 08:00:49,2018-02-22 06:58:29,Preliminares,User 27,RETIFICACAO
2846,2+2,PA66 GF40,Automovel,106000,3,0,900,2018-01-26 08:56:13,2018-02-26 20:52:20,Bancada,User 94,RETIFICACAO
2846,2+2,PA66 GF40,Automovel,106000,3,0,900,2018-01-30 11:08:55,2018-01-30 16:14:54,Torno,User 51,RETIFICACAO
2846,2+2,PA66 GF40,Automovel,106000,3,0,900,2018-01-31 09:06:40,2018-01-31 12:09:53,Bancada,User 121,RETIFICACAO
2846,2+2,PA66 GF40,Automovel,106000,3,0,900,2018-01-31 14:46:10,2018-03-04 08:49:21,Fresagem,User 71,RETIFICACAO
2846,2+2,PA66 GF40,Automovel,106000,3,0,900,2018-02-02 09:04:53,2018-02-02 12:36:08,Bancada,User 64,RETIFICACAO
2846,2+2,PA66 GF40,Automovel,106000,3,0,900,2018-02-02 11:37:20,2018-02-02 12:03:50,Retificacao,User 128,RETIFICACAO
2846,2+2,PA66 GF40,Automovel,106000,3,0,900,2018-02-02 13:31:08,2018-02-02 14:29:35,Bancada,User 64,RETIFICACAO
2846,2+2,PA66 GF40,Automovel,106000,3,0,900,2018-02-05 12:42:24,2018-03-09 07:42:06,Polimento,User 13,RETIFICACAO
2846,2+2,PA66 GF40,Automovel,106000,3,0,900,2018-02-05 17:57:49,2018-03-10 04:56:37,Bancada,User 137,RETIFICACAO
2846,2+2,PA66 GF40,Automovel,106000,3,0,900,2018-03-28 10:01:29,2018-04-29 23:18:24,Preliminares,User 114,RETIFICACAO
2846,2+2,PA66 GF40,Automovel,106000,3,0,900,2018-04-10 14:01:12,2018-05-13 21:27:32,Bancada,User 14,RETIFICACAO
2846,2+2,PA66 GF40,Automovel,106000,3,0,900,2018-06-19 08:55:53,2018-06-19 11:07:57,Preliminares,User 114,RETIFICACAO
2846,2+2,PA66 GF40,Automovel,106000,3,0,900,2018-06-19 10:42:57,2018-07-22 21:06:10,Bancada,User 141,RETIFICACAO
2846,2+2,PA66 GF40,Automovel,106000,3,0,900,2018-06-19 12:22:49,2018-06-19 14:07:02,Torno,User 51,RETIFICACAO
2846,2+2,PA66 GF40,Automovel,106000,3,0,900,2018-06-19 13:35:35,2018-07-23 05:51:19,Bancada,User 118,RETIFICACAO
2846,2+2,PA66 GF40,Automovel,106000,3,0,900,2018-06-21 10:35:44,2018-06-21 10:42:49,Preliminares,User 114,RETIFICACAO
2846,2+2,PA66 GF40,Automovel,106000,3,0,200,2016-07-13 17:44:01,2016-07-30 13:49:22,Maquinacao de Eletrodos,User 40,RETIFICACAO
2846,2+2,PA66 GF40,Automovel,106000,3,0,200,2016-07-15 11:44:38,2016-07-15 16:21:58,Erosao,User 39,RETIFICACAO
2846,2+2,PA66 GF40,Automovel,106000,3,0,200,2016-07-19 16:33:45,2016-08-05 15:14:45,Maquinacao de Eletrodos,User 42,RETIFICACAO
2846,2+2,PA66 GF40,Automovel,106000,3,0,200,2016-10-26 09:05:00,2016-11-13 00:54:37,Erosao,No User,RETIFICACAO
2846,2+2,PA66 GF40,Automovel,106000,3,0,200,2017-04-04 22:59:00,2017-04-22 23:57:56,Maquinacao,User 43,RETIFICACAO
2846,2+2,PA66 GF40,Automovel,106000,3,0,200,2017-06-22 15:35:37,2017-07-10 18:46:12,Erosao,User 97,RETIFICACAO
2846,2+2,PA66 GF40,Automovel,106000,3,0,200,2017-12-14 15:42:01,2017-12-14 15:55:21,Maquinacao de Eletrodos,User 42,RETIFICACAO
2846,2+2,PA66 GF40,Automovel,106000,3,0,200,2017-12-15 08:52:49,2018-01-02 12:26:39,Erosao,User 39,RETIFICACAO
2846,2+2,PA66 GF40,Automovel,106000,3,0,200,2018-01-29 18:03:21,2018-01-29 19:29:16,Maquinacao de Eletrodos,User 42,RETIFICACAO
2846,2+2,PA66 GF40,Automovel,106000,3,0,200,2018-02-01 14:04:04,2018-02-19 22:02:19,Erosao,User 39,RETIFICACAO
2846,2+2,PA66 GF40,Automovel,106000,3,0,200,2018-04-11 20:20:12,2018-04-11 21:31:32,Maquinacao de Eletrodos,User 42,RETIFICACAO
2846,2+2,PA66 GF40,Automovel,106000,3,0,200,2018-04-16 16:11:58,2018-05-05 03:41:24,Erosao,No User,RETIFICACAO
2846,2+2,PA66 GF40,Automovel,106000,3,0,0,2017-04-10 08:58:34,2017-04-16 20:00:44,Erosao,User 39,RETIFICACAO
2846,2+2,PA66 GF40,Automovel,106000,3,0,80,2016-07-13 16:25:39,2016-07-20 04:19:54,Maquinacao de Eletrodos,User 42,RETIFICACAO
2846,2+2,PA66 GF40,Automovel,106000,3,0,80,2016-09-20 10:04:00,2016-09-27 00:02:15,Erosao,No User,RETIFICACAO
2846,2+2,PA66 GF40,Automovel,106000,3,0,80,2016-09-21 14:25:10,2016-09-21 14:27:55,Maquinacao de Eletrodos,User 42,RETIFICACAO
2846,2+2,PA66 GF40,Automovel,106000,3,0,80,2016-09-21 14:37:00,2016-09-28 04:49:15,Erosao,No User,RETIFICACAO
2846,2+2,PA66 GF40,Automovel,106000,3,0,80,2016-09-21 15:18:05,2016-09-21 15:22:35,Maquinacao de Eletrodos,User 42,RETIFICACAO
2846,2+2,PA66 GF40,Automovel,106000,3,0,80,2016-09-21 15:34:00,2016-09-28 05:49:15,Erosao,No User,RETIFICACAO
2846,2+2,PA66 GF40,Automovel,106000,3,0,80,2016-09-21 16:59:15,2016-09-21 18:57:26,Fresagem,User 71,RETIFICACAO
2846,2+2,PA66 GF40,Automovel,106000,3,0,80,2016-09-22 10:46:58,2016-09-29 01:18:04,Maquinacao de Eletrodos,User 42,RETIFICACAO
2846,2+2,PA66 GF40,Automovel,106000,3,0,80,2016-09-22 11:21:00,2016-09-29 02:09:06,Erosao,No User,RETIFICACAO
2846,2+2,PA66 GF40,Automovel,106000,3,0,80,2016-09-22 11:53:39,2016-09-22 11:58:25,Maquinacao de Eletrodos,User 42,RETIFICACAO
2846,2+2,PA66 GF40,Automovel,106000,3,0,80,2016-09-22 12:05:00,2016-09-29 03:04:02,Erosao,No User,RETIFICACAO
2846,2+2,PA66 GF40,Automovel,106000,3,0,80,2016-09-22 14:05:01,2016-09-22 14:10:27,Maquinacao de Eletrodos,User 42,RETIFICACAO
2846,2+2,PA66 GF40,Automovel,106000,3,0,80,2016-09-22 14:19:20,2016-09-30 17:01:34,Erosao,User 39,RETIFICACAO
2846,2+2,PA66 GF40,Automovel,106000,3,0,80,2017-04-05 16:26:17,2017-04-05 17:05:30,Maquinacao de Eletrodos,User 42,RETIFICACAO
2846,2+2,PA66 GF40,Automovel,106000,3,0,80,2017-04-10 08:55:29,2017-04-18 16:07:59,Erosao,User 97,RETIFICACAO
2846,2+2,PA66 GF40,Automovel,106000,3,0,80,2017-04-10 14:12:26,2017-04-10 14:36:56,Maquinacao de Eletrodos,User 42,RETIFICACAO
2846,2+2,PA66 GF40,Automovel,106000,3,0,80,2017-04-10 14:42:40,2017-04-19 22:56:03,Erosao,User 97,RETIFICACAO
2846,2+2,PA66 GF40,Automovel,106000,3,0,80,2017-06-29 11:18:11,2017-07-08 20:06:59,Maquinacao de Eletrodos,User 42,RETIFICACAO
2846,2+2,PA66 GF40,Automovel,106000,3,0,80,2017-07-04 10:23:58,2017-07-13 22:31:21,Erosao,User 97,RETIFICACAO
2846,2+2,PA66 GF40,Automovel,106000,3,0,80,2017-12-14 15:55:21,2017-12-14 16:38:16,Maquinacao de Eletrodos,User 42,RETIFICACAO
2846,2+2,PA66 GF40,Automovel,106000,3,0,80,2017-12-15 10:30:00,2017-12-26 04:04:35,Erosao,User 39,RETIFICACAO
2846,2+2,PA66 GF40,Automovel,106000,3,0,80,2018-01-29 19:29:16,2018-01-29 21:00:31,Maquinacao de Eletrodos,User 42,RETIFICACAO
2846,2+2,PA66 GF40,Automovel,106000,3,0,80,2018-01-30 12:00:58,2018-02-10 08:17:43,Erosao,User 39,RETIFICACAO
2846,2+2,PA66 GF40,Automovel,106000,3,0,80,2018-01-31 13:53:00,2018-01-31 14:01:25,Maquinacao de Eletrodos,User 42,RETIFICACAO
2846,2+2,PA66 GF40,Automovel,106000,3,0,80,2018-01-31 14:02:37,2018-02-11 10:51:22,Erosao,User 39,RETIFICACAO
2846,2+2,PA66 GF40,Automovel,106000,3,0,80,2018-02-05 14:28:11,2018-02-16 12:34:03,Polimento,User 13,RETIFICACAO
2846,2+2,PA66 GF40,Automovel,106000,3,0,102,2018-02-05 11:18:05,2018-02-05 16:05:07,Polimento,User 13,RETIFICACAO
2846,2+2,PA66 GF40,Automovel,106000,3,0,103,2018-02-05 11:44:23,2018-02-05 12:11:56,Polimento,User 13,RETIFICACAO
2846,2+2,PA66 GF40,Automovel,106000,3,0,81,2016-07-13 18:38:26,2016-07-15 17:37:06,Maquinacao de Eletrodos,User 40,RETIFICACAO
2846,2+2,PA66 GF40,Automovel,106000,3,0,81,2017-03-30 12:18:30,2017-04-02 11:50:37,Erosao,No User,RETIFICACAO
2846,2+2,PA66 GF40,Automovel,106000,3,0,81,2019-03-26 02:36:25,2019-03-29 03:20:28,Maquinacao,User 10,RETIFICACAO
2846,2+2,PA66 GF40,Automovel,106000,3,0,81,2019-03-26 19:32:00,2019-03-30 00:37:03,Erosao,User 8,RETIFICACAO
2846,2+2,PA66 GF40,Automovel,106000,3,0,81,2019-04-17 11:14:47,2019-04-20 16:45:53,Maquinacao,User 9,RETIFICACAO
2846,2+2,PA66 GF40,Automovel,106000,3,0,81,2019-04-17 13:34:00,2019-04-20 20:10:06,Erosao,User 8,RETIFICACAO
2846,2+2,PA66 GF40,Automovel,106000,3,0,81,2019-04-17 19:38:04,2019-04-21 04:24:07,Maquinacao,User 10,RETIFICACAO
2846,2+2,PA66 GF40,Automovel,106000,3,0,82,2018-02-05 15:14:37,2018-02-06 13:11:44,Polimento,User 13,RETIFICACAO
2846,2+2,PA66 GF40,Automovel,106000,3,0,100,2016-07-13 16:50:21,2016-07-20 22:42:20,Maquinacao de Eletrodos,User 40,RETIFICACAO
2846,2+2,PA66 GF40,Automovel,106000,3,0,100,2016-07-15 09:10:23,2016-07-15 11:44:38,Erosao,User 39,RETIFICACAO
2846,2+2,PA66 GF40,Automovel,106000,3,0,100,2016-07-19 18:28:40,2016-07-27 02:53:18,Maquinacao de Eletrodos,User 42,RETIFICACAO
2846,2+2,PA66 GF40,Automovel,106000,3,0,100,2016-10-26 15:25:00,2016-11-03 07:53:52,Erosao,No User,RETIFICACAO
2846,2+2,PA66 GF40,Automovel,106000,3,0,100,2017-03-31 09:28:19,2017-03-31 09:58:59,Maquinacao,User 52,RETIFICACAO
2846,2+2,PA66 GF40,Automovel,106000,3,0,100,2017-12-14 15:25:46,2017-12-14 15:42:01,Maquinacao de Eletrodos,User 42,RETIFICACAO
2846,2+2,PA66 GF40,Automovel,106000,3,0,100,2017-12-14 15:47:01,2017-12-23 02:29:46,Erosao,No User,RETIFICACAO
2846,2+2,PA66 GF40,Automovel,106000,3,0,100,2018-01-29 16:13:01,2018-01-29 18:03:21,Maquinacao de Eletrodos,User 42,RETIFICACAO
2846,2+2,PA66 GF40,Automovel,106000,3,0,100,2018-01-30 09:29:41,2018-02-08 23:03:49,Erosao,User 39,RETIFICACAO
2846,2+2,PA66 GF40,Automovel,106000,3,0,100,2018-02-05 10:51:41,2018-02-05 11:18:05,Polimento,User 13,RETIFICACAO
2846,2+2,PA66 GF40,Automovel,106000,3,0,203,2016-07-22 15:43:33,2016-07-22 17:53:13,Fio,User 41,RETIFICACAO
2846,2+2,PA66 GF40,Automovel,106000,3,0,203,2018-04-16 18:32:09,2018-04-17 15:23:04,Erosao,No User,RETIFICACAO
2846,2+2,PA66 GF40,Automovel,106000,3,0,202,2016-06-07 08:58:39,2016-06-07 10:20:06,Fresagem,User 71,RETIFICACAO
2846,2+2,PA66 GF40,Automovel,106000,3,0,7,2016-07-18 19:26:15,2016-07-18 20:24:25,Maquinacao,User 46,RETIFICACAO
2846,2+2,PA66 GF40,Automovel,106000,3,0,57,2017-03-29 09:50:43,2017-03-29 14:29:44,Fresagem,User 72,RETIFICACAO
2846,2+2,PA66 GF40,Automovel,106000,3,0,83,2019-03-26 03:56:20,2019-03-26 04:36:54,Maquinacao,User 10,RETIFICACAO
3046,2,PC-29,Automovel,156000,3,0,900,2018-04-02 08:06:16,2018-04-02 08:21:29,Fresagem,User 74,RETIFICACAO
3046,2,PC-29,Automovel,156000,3,0,900,2018-04-02 08:49:32,2018-04-25 23:04:54,Bancada,User 15,RETIFICACAO
3046,2,PC-29,Automovel,156000,3,0,900,2018-04-04 12:21:18,2018-04-04 12:36:07,Fresagem,User 71,RETIFICACAO
3046,2,PC-29,Automovel,156000,3,0,900,2018-04-04 13:32:29,2018-04-28 13:47:33,Bancada,User 15,RETIFICACAO
3046,2,PC-29,Automovel,156000,3,0,900,2018-04-04 13:36:18,2018-04-04 14:46:26,Fresagem,User 71,RETIFICACAO
3046,2,PC-29,Automovel,156000,3,0,900,2018-04-05 08:03:55,2018-04-29 17:16:50,Bancada,User 15,RETIFICACAO
3046,2,PC-29,Automovel,156000,3,0,900,2018-04-05 08:35:31,2018-04-05 09:28:34,Torno,User 51,RETIFICACAO
3046,2,PC-29,Automovel,156000,3,0,900,2018-04-05 14:52:44,2018-04-30 16:17:21,Bancada,User 94,RETIFICACAO
3046,2,PC-29,Automovel,156000,3,0,900,2018-04-09 07:31:39,2018-04-09 09:12:28,Polimento,User 13,RETIFICACAO
3046,2,PC-29,Automovel,156000,3,0,900,2018-04-09 08:03:58,2018-05-04 16:28:47,Bancada,User 15,RETIFICACAO
3046,2,PC-29,Automovel,156000,3,0,900,2018-04-09 12:03:25,2018-05-05 07:00:49,Prensa,User 15,RETIFICACAO
3046,2,PC-29,Automovel,156000,3,0,900,2018-04-10 13:34:22,2018-05-07 06:09:52,Bancada,User 94,RETIFICACAO
3046,2,PC-29,Automovel,156000,3,0,900,2018-04-12 10:08:24,2018-04-12 10:54:11,Torno,User 51,RETIFICACAO
3046,2,PC-29,Automovel,156000,3,0,900,2018-04-12 10:28:44,2018-05-09 22:37:43,Bancada,User 15,RETIFICACAO
3046,2,PC-29,Automovel,156000,3,0,900,2018-04-13 09:06:29,2018-04-13 09:31:45,Fresagem,User 74,RETIFICACAO
3046,2,PC-29,Automovel,156000,3,0,900,2018-04-13 13:32:45,2018-05-11 07:15:06,Bancada,User 15,RETIFICACAO
3046,2,PC-29,Automovel,156000,3,0,900,2018-04-14 08:39:28,2018-04-14 10:02:30,Fresagem,User 74,RETIFICACAO
3046,2,PC-29,Automovel,156000,3,0,900,2018-04-16 08:02:43,2018-05-15 08:49:29,Bancada,User 64,RETIFICACAO
3046,2,PC-29,Automovel,156000,3,0,900,2018-04-27 10:42:47,2018-04-27 12:36:32,Fresagem,User 71,RETIFICACAO
3046,2,PC-29,Automovel,156000,3,0,900,2018-04-27 13:29:59,2018-04-27 17:05:46,Bancada,User 64,RETIFICACAO
3046,2,PC-29,Automovel,156000,3,0,900,2018-04-27 13:35:30,2018-04-27 14:56:17,Fresagem,User 71,RETIFICACAO
3046,2,PC-29,Automovel,156000,3,0,900,2018-04-30 08:10:21,2018-05-30 08:47:49,Bancada,User 64,RETIFICACAO
3046,2,PC-29,Automovel,156000,3,0,900,2018-05-24 08:13:13,2018-05-24 09:45:54,Torno,User 51,RETIFICACAO
3046,2,PC-29,Automovel,156000,3,0,900,2018-05-24 13:29:38,2018-05-24 20:36:11,Bancada,User 64,RETIFICACAO
3046,2,PC-29,Automovel,156000,3,0,900,2018-05-24 18:04:32,2018-05-24 19:06:47,Fresagem,User 71,RETIFICACAO
3046,2,PC-29,Automovel,156000,3,0,900,2018-05-25 07:59:34,2018-05-25 12:30:00,Bancada,User 64,RETIFICACAO
3046,2,PC-29,Automovel,156000,3,0,900,2018-05-25 08:10:20,2018-05-25 09:37:46,Fresagem,User 71,RETIFICACAO
3046,2,PC-29,Automovel,156000,3,0,900,2018-05-25 13:29:37,2018-06-24 19:21:00,Bancada,User 64,RETIFICACAO
3046,2,PC-29,Automovel,156000,3,0,900,2018-06-07 11:21:23,2018-07-07 18:12:43,Estrutura,User 26,RETIFICACAO
3046,2,PC-29,Automovel,156000,3,0,900,2018-06-07 13:30:19,2018-06-07 14:21:12,Preliminares,User 26,RETIFICACAO
3046,2,PC-29,Automovel,156000,3,0,900,2018-06-19 14:33:16,2018-07-20 08:17:52,Bancada,User 15,RETIFICACAO
3046,2,PC-29,Automovel,156000,3,0,900,2018-06-21 16:09:13,2018-06-21 17:03:04,Estrutura,User 26,RETIFICACAO
3046,2,PC-29,Automovel,156000,3,0,900,2018-06-22 07:00:45,2018-06-22 07:32:54,Bancada,User 106,RETIFICACAO
3046,2,PC-29,Automovel,156000,3,0,900,2018-06-22 07:54:53,2018-06-22 09:15:06,Preliminares,User 26,RETIFICACAO
3046,2,PC-29,Automovel,156000,3,0,900,2018-06-25 16:53:27,2018-07-26 18:38:02,Bancada,User 141,RETIFICACAO
3046,2,PC-29,Automovel,156000,3,0,900,2018-06-29 13:34:51,2018-06-29 14:13:48,Estrutura,User 26,RETIFICACAO
3046,2,PC-29,Automovel,156000,3,0,900,2018-07-03 08:05:43,2018-07-03 09:08:26,Trabalho Interno,User 70,RETIFICACAO
3046,2,PC-29,Automovel,156000,3,0,900,2018-07-03 14:23:33,2018-08-03 16:08:13,Preliminares,User 70,RETIFICACAO
3046,2,PC-29,Automovel,156000,3,0,900,2018-07-14 09:34:00,2018-08-14 14:40:59,Bancada,User 106,RETIFICACAO
3046,2,PC-29,Automovel,156000,3,0,900,2018-07-17 15:18:04,2018-07-17 16:34:41,Trabalho Interno,User 70,RETIFICACAO
3046,2,PC-29,Automovel,156000,3,0,900,2018-07-17 16:43:15,2018-07-17 16:49:06,Preliminares,User 70,RETIFICACAO
3046,2,PC-29,Automovel,156000,3,0,900,2018-07-17 17:37:51,2018-08-18 13:31:07,Bancada,User 93,RETIFICACAO
3046,2,PC-29,Automovel,156000,3,0,900,2018-07-19 11:06:50,2018-07-19 12:31:34,Estrutura,User 70,RETIFICACAO
3046,2,PC-29,Automovel,156000,3,0,900,2018-07-19 13:22:54,2018-07-19 15:13:23,Bancada,User 93,RETIFICACAO
3046,2,PC-29,Automovel,156000,3,0,900,2018-07-19 13:36:53,2018-07-19 14:11:24,Preliminares,User 70,RETIFICACAO
3046,2,PC-29,Automovel,156000,3,0,900,2018-07-19 18:15:48,2018-08-21 07:43:58,Bancada,User 15,RETIFICACAO
3046,2,PC-29,Automovel,156000,3,0,900,2018-07-24 18:09:31,2018-07-24 19:08:41,Fresagem,User 74,RETIFICACAO
3046,2,PC-29,Automovel,156000,3,0,900,2018-07-25 08:05:26,2018-07-25 09:02:17,Bancada,User 15,RETIFICACAO
3046,2,PC-29,Automovel,156000,3,0,900,2018-07-25 08:08:30,2018-07-25 08:56:33,Fresagem,User 74,RETIFICACAO
3046,2,PC-29,Automovel,156000,3,0,900,2018-07-25 11:12:46,2018-08-27 07:43:26,Bancada,User 15,RETIFICACAO
3046,2,PC-29,Automovel,156000,3,0,900,2018-07-25 15:28:01,2018-07-25 16:06:32,Fresagem,User 74,RETIFICACAO
3046,2,PC-29,Automovel,156000,3,0,900,2018-07-25 16:16:14,2018-07-25 17:00:11,Preliminares,User 70,RETIFICACAO
3046,2,PC-29,Automovel,156000,3,0,900,2018-07-25 18:21:08,2018-08-28 03:49:27,Bancada,User 15,RETIFICACAO
3046,2,PC-29,Automovel,156000,3,0,900,2018-07-30 12:27:49,2018-09-02 04:38:44,Preliminares,User 70,RETIFICACAO
3046,2,PC-29,Automovel,156000,3,0,900,2018-08-29 12:05:04,2018-08-29 12:30:16,Trabalho Interno,User 70,RETIFICACAO
3046,2,PC-29,Automovel,156000,3,0,900,2018-08-29 13:31:36,2018-10-02 20:27:50,Preliminares,User 70,RETIFICACAO
3046,2,PC-29,Automovel,156000,3,0,900,2018-08-31 08:40:09,2018-10-04 22:49:36,Bancada,User 94,RETIFICACAO
3046,2,PC-29,Automovel,156000,3,0,900,2018-09-13 15:47:08,2018-09-13 18:43:28,Torno,User 51,RETIFICACAO
3046,2,PC-29,Automovel,156000,3,0,900,2018-09-13 16:59:27,2018-10-20 02:46:51,Bancada,User 118,RETIFICACAO
3046,2,PC-29,Automovel,156000,3,0,900,2018-10-11 10:34:50,2018-10-11 13:20:56,Estrutura,User 22,RETIFICACAO
3046,2,PC-29,Automovel,156000,3,0,900,2018-10-26 11:40:52,2018-12-01 23:52:19,Bancada,User 93,RETIFICACAO
3046,2,PC-29,Automovel,156000,3,0,900,2018-10-29 10:56:51,2018-10-29 12:30:08,Estrutura,User 25,RETIFICACAO
3046,2,PC-29,Automovel,156000,3,0,900,2018-10-29 13:30:53,2018-10-29 14:46:26,Preliminares,User 25,RETIFICACAO
3046,2,PC-29,Automovel,156000,3,0,900,2018-10-29 17:14:12,2018-10-29 18:00:13,Trabalho Interno,User 25,RETIFICACAO
3046,2,PC-29,Automovel,156000,3,0,900,2018-10-30 07:59:59,2018-10-30 09:05:03,Preliminares,User 25,RETIFICACAO
3046,2,PC-29,Automovel,156000,3,0,900,2018-11-05 09:33:19,2018-11-05 11:12:20,Bancada,User 93,RETIFICACAO
3046,2,PC-29,Automovel,156000,3,0,900,2018-11-05 11:01:08,2018-11-05 12:30:07,Estrutura,User 22,RETIFICACAO
3046,2,PC-29,Automovel,156000,3,0,900,2018-11-05 13:28:05,2018-11-05 13:59:09,Preliminares,User 22,RETIFICACAO
3046,2,PC-29,Automovel,156000,3,0,900,2018-11-06 15:06:31,2018-11-06 17:26:17,Trabalho Interno,User 25,RETIFICACAO
3046,2,PC-29,Automovel,156000,3,0,900,2018-11-12 09:24:37,2018-12-19 06:17:55,Bancada,User 118,RETIFICACAO
3046,2,PC-29,Automovel,156000,3,0,900,2018-11-12 15:53:46,2018-11-12 18:37:13,Torno,User 51,RETIFICACAO
3046,2,PC-29,Automovel,156000,3,0,900,2018-11-13 08:06:43,2018-12-20 13:45:20,Bancada,User 118,RETIFICACAO
3046,2,PC-29,Automovel,156000,3,0,900,2018-11-14 09:14:52,2018-11-14 12:30:07,Trabalho Interno,User 25,RETIFICACAO
3046,2,PC-29,Automovel,156000,3,0,900,2018-11-15 07:59:39,2018-11-15 07:59:42,Preliminares,User 25,RETIFICACAO
3046,2,PC-29,Automovel,156000,3,0,900,2018-11-21 16:19:40,2018-12-29 10:45:00,Bancada,User 118,RETIFICACAO
3046,2,PC-29,Automovel,156000,3,0,900,2018-12-05 18:20:38,2019-01-12 13:20:32,Torno,User 51,RETIFICACAO
3046,2,PC-29,Automovel,156000,3,0,900,2018-12-06 08:18:32,2019-01-13 05:36:18,Retificacao,User 51,RETIFICACAO
3046,2,PC-29,Automovel,156000,3,0,100,2018-04-04 09:30:00,2018-04-09 11:25:36,Erosao,User 39,RETIFICACAO
3046,2,PC-29,Automovel,156000,3,0,100,2018-04-04 10:40:52,2018-04-04 11:17:22,Maquinacao de Eletrodos,User 42,RETIFICACAO
3046,2,PC-29,Automovel,156000,3,0,100,2018-04-04 12:25:54,2018-04-04 13:37:20,Erosao,User 39,RETIFICACAO
3046,2,PC-29,Automovel,156000,3,0,100,2018-04-05 08:47:00,2018-04-05 11:49:36,Maquinacao,User 36,RETIFICACAO
3046,2,PC-29,Automovel,156000,3,0,100,2018-06-20 12:21:23,2018-06-20 12:54:58,Maquinacao de Eletrodos,User 42,RETIFICACAO
3046,2,PC-29,Automovel,156000,3,0,100,2018-06-22 12:16:00,2018-06-27 18:46:36,Erosao,User 39,RETIFICACAO
3046,2,PC-29,Automovel,156000,3,0,100,2018-07-16 14:32:25,2018-07-16 15:35:44,Polimento,User 13,RETIFICACAO
3046,2,PC-29,Automovel,156000,3,0,80,2018-04-03 21:41:00,2018-04-03 22:14:00,Maquinacao de Eletrodos,User 42,RETIFICACAO
3046,2,PC-29,Automovel,156000,3,0,80,2018-04-03 22:41:48,2018-04-24 03:43:59,Erosao,User 39,RETIFICACAO
3046,2,PC-29,Automovel,156000,3,0,80,2018-04-13 13:37:19,2018-04-13 15:05:18,Bancada,User 106,RETIFICACAO
3046,2,PC-29,Automovel,156000,3,0,80,2018-06-14 23:33:29,2018-07-05 14:44:01,Maquinacao de Eletrodos,User 42,RETIFICACAO
3046,2,PC-29,Automovel,156000,3,0,80,2018-06-20 09:41:16,2018-07-11 01:26:23,Erosao,User 39,RETIFICACAO
3046,2,PC-29,Automovel,156000,3,0,80,2018-07-11 00:20:34,2018-07-11 00:42:29,Maquinacao de Eletrodos,User 42,RETIFICACAO
3046,2,PC-29,Automovel,156000,3,0,80,2018-07-12 11:31:36,2018-08-02 04:11:33,Erosao,User 39,RETIFICACAO
3046,2,PC-29,Automovel,156000,3,0,80,2018-07-12 17:32:19,2018-08-02 13:27:46,Polimento,User 13,RETIFICACAO
3046,2,PC-29,Automovel,156000,3,0,80,2018-07-16 09:30:54,2018-08-06 05:38:51,Erosao,User 39,RETIFICACAO
3046,2,PC-29,Automovel,156000,3,0,80,2018-09-11 17:47:58,2018-09-12 13:58:10,Maquinacao de Eletrodos,User 42,RETIFICACAO
3046,2,PC-29,Automovel,156000,3,0,80,2018-09-13 12:03:07,2018-10-04 12:06:57,Bancada,User 106,RETIFICACAO
3046,2,PC-29,Automovel,156000,3,0,80,2018-10-30 09:16:05,2018-10-30 10:57:15,Maquinacao de Eletrodos,User 42,RETIFICACAO
3046,2,PC-29,Automovel,156000,3,0,80,2018-10-30 14:18:36,2018-11-20 22:59:48,Polimento,User 13,RETIFICACAO
3046,2,PC-29,Automovel,156000,3,0,80,2018-11-13 07:49:48,2018-11-13 11:47:28,Maquinacao de Eletrodos,User 42,RETIFICACAO
3046,2,PC-29,Automovel,156000,3,0,80,2018-11-13 08:22:18,2018-12-04 18:04:08,Polimento,User 13,RETIFICACAO
3046,2,PC-29,Automovel,156000,3,0,80,2018-11-15 18:40:56,2018-11-15 19:06:21,Maquinacao de Eletrodos,User 42,RETIFICACAO
3046,2,PC-29,Automovel,156000,3,0,80,2018-11-16 14:37:42,2018-11-16 15:02:15,Polimento,User 13,RETIFICACAO
3046,2,PC-29,Automovel,156000,3,0,80,2019-05-14 03:16:47,2019-06-05 20:38:04,Maquinacao,User 10,RETIFICACAO
3046,2,PC-29,Automovel,156000,3,0,80,2019-10-16 09:03:51,2019-11-08 06:11:03,Maquinacao de Eletrodos,User 42,RETIFICACAO
3046,2,PC-29,Automovel,156000,3,0,200,2018-07-10 22:28:54,2018-07-11 00:20:34,Maquinacao de Eletrodos,User 42,RETIFICACAO
3046,2,PC-29,Automovel,156000,3,0,200,2018-07-12 10:53:28,2018-07-25 21:48:01,Erosao,No User,RETIFICACAO
3046,2,PC-29,Automovel,156000,3,0,200,2018-07-12 15:58:44,2018-07-12 16:23:04,Maquinacao de Eletrodos,User 42,RETIFICACAO
3046,2,PC-29,Automovel,156000,3,0,200,2018-07-12 16:39:28,2018-07-27 05:54:45,Erosao,No User,RETIFICACAO
3046,2,PC-29,Automovel,156000,3,0,200,2018-07-13 11:44:26,2018-07-28 02:47:54,Bancada,User 106,RETIFICACAO
3046,2,PC-29,Automovel,156000,3,0,200,2018-07-18 08:58:20,2018-07-18 09:21:00,Maquinacao de Eletrodos,User 42,RETIFICACAO
3046,2,PC-29,Automovel,156000,3,0,200,2018-07-18 10:31:59,2018-08-02 04:03:22,Erosao,No User,RETIFICACAO
3046,2,PC-29,Automovel,156000,3,0,200,2018-11-13 14:00:29,2018-11-28 09:50:17,Maquinacao de Eletrodos,User 42,RETIFICACAO
3046,2,PC-29,Automovel,156000,3,0,200,2018-11-14 14:32:28,2018-11-14 15:45:02,Polimento,User 13,RETIFICACAO
3046,2,PC-29,Automovel,156000,3,0,200,2019-03-27 11:30:00,2019-04-11 07:29:48,Erosao,User 2,RETIFICACAO
3046,2,PC-29,Automovel,156000,3,0,200,2020-02-18 17:23:44,2020-02-18 17:36:14,Maquinacao de Eletrodos,User 42,RETIFICACAO
3046,2,PC-29,Automovel,156000,3,0,201,2018-07-13 14:32:05,2018-07-15 08:45:22,Bancada,User 106,RETIFICACAO
3046,2,PC-29,Automovel,156000,3,0,201,2018-11-14 15:45:02,2018-11-14 17:11:58,Polimento,User 13,RETIFICACAO
3046,2,PC-29,Automovel,156000,3,0,82,2018-04-04 14:46:26,2018-04-04 17:30:55,Fresagem,User 71,RETIFICACAO
3046,2,PC-29,Automovel,156000,3,0,82,2018-04-13 10:48:49,2018-04-14 15:32:31,Bancada,User 106,RETIFICACAO
3046,2,PC-29,Automovel,156000,3,0,82,2018-07-13 08:38:00,2018-07-13 11:06:54,Polimento,User 13,RETIFICACAO
3046,2,PC-29,Automovel,156000,3,0,82,2018-09-13 08:54:07,2018-09-13 12:03:07,Bancada,User 106,RETIFICACAO
3046,2,PC-29,Automovel,156000,3,0,82,2018-11-13 09:58:14,2018-11-14 20:17:01,Polimento,User 13,RETIFICACAO
3046,2,PC-29,Automovel,156000,3,0,81,2018-07-02 10:56:43,2018-07-02 15:00:00,Retificacao,User 142,RETIFICACAO
3046,2,PC-29,Automovel,156000,3,0,81,2018-07-11 00:42:29,2018-07-11 01:38:44,Maquinacao de Eletrodos,User 42,RETIFICACAO
3046,2,PC-29,Automovel,156000,3,0,81,2018-07-13 08:27:42,2018-07-16 21:35:28,Erosao,No User,RETIFICACAO
3046,2,PC-29,Automovel,156000,3,0,81,2019-10-15 18:00:03,2019-10-19 08:01:59,Maquinacao,User 9,RETIFICACAO
3046,2,PC-29,Automovel,156000,3,0,81,2019-10-16 08:24:25,2019-10-16 09:03:51,Maquinacao de Eletrodos,User 42,RETIFICACAO
3046,2,PC-29,Automovel,156000,3,0,5,2020-01-08 17:37:05,2020-01-08 17:57:15,Maquinacao de Eletrodos,User 42,RETIFICACAO
3046,2,PC-29,Automovel,156000,3,0,359,2018-04-06 08:19:45,2018-04-06 08:22:40,Erosao,User 39,RETIFICACAO
3047,2,PC-29,Automovel,152000,3,0,900,2018-04-05 08:01:03,2018-05-12 15:12:01,Bancada,User 10,RETIFICACAO
3047,2,PC-29,Automovel,152000,3,0,900,2018-06-07 14:28:26,2018-07-14 23:00:01,Trabalho Interno,User 26,RETIFICACAO
3047,2,PC-29,Automovel,152000,3,0,900,2018-06-22 09:15:49,2018-06-22 10:56:39,Estrutura,User 26,RETIFICACAO
3047,2,PC-29,Automovel,152000,3,0,900,2018-07-03 12:04:06,2018-07-03 12:32:14,Trabalho Interno,User 70,RETIFICACAO
3047,2,PC-29,Automovel,152000,3,0,900,2018-07-03 13:31:38,2018-07-03 14:23:32,Preliminares,User 70,RETIFICACAO
3047,2,PC-29,Automovel,152000,3,0,900,2018-07-10 16:10:38,2018-08-18 10:19:35,Bancada,User 118,RETIFICACAO
3047,2,PC-29,Automovel,152000,3,0,900,2018-07-17 16:49:27,2018-07-17 17:00:51,Trabalho Interno,User 70,RETIFICACAO
3047,2,PC-29,Automovel,152000,3,0,900,2018-07-17 18:54:40,2018-07-17 19:03:57,Bancada,User 118,RETIFICACAO
3047,2,PC-29,Automovel,152000,3,0,900,2018-07-18 08:08:48,2018-07-18 12:21:56,Preliminares,User 70,RETIFICACAO
3047,2,PC-29,Automovel,152000,3,0,900,2018-07-18 09:17:19,2018-07-18 12:35:47,Bancada,User 118,RETIFICACAO
3047,2,PC-29,Automovel,152000,3,0,900,2018-07-18 13:35:49,2018-07-18 14:06:12,Preliminares,User 70,RETIFICACAO
3047,2,PC-29,Automovel,152000,3,0,900,2018-07-18 13:36:00,2018-07-18 20:05:57,Bancada,User 118,RETIFICACAO
3047,2,PC-29,Automovel,152000,3,0,900,2018-07-19 09:55:56,2018-08-27 05:14:35,Trabalho Interno,User 70,RETIFICACAO
3047,2,PC-29,Automovel,152000,3,0,900,2018-07-20 10:56:39,2018-07-20 10:56:41,Estrutura,User 70,RETIFICACAO
3047,2,PC-29,Automovel,152000,3,0,900,2018-07-21 07:06:26,2018-08-29 09:04:29,Bancada,User 118,RETIFICACAO
3047,2,PC-29,Automovel,152000,3,0,900,2018-08-06 08:05:08,2018-09-14 12:59:28,Preliminares,User 70,RETIFICACAO
3047,2,PC-29,Automovel,152000,3,0,900,2018-08-31 15:43:06,2018-08-31 17:01:01,Trabalho Interno,User 70,RETIFICACAO
3047,2,PC-29,Automovel,152000,3,0,900,2018-09-03 11:25:30,2018-10-13 03:25:26,Preliminares,User 70,RETIFICACAO
3047,2,PC-29,Automovel,152000,3,0,900,2018-09-10 12:03:57,2018-10-20 13:03:33,Bancada,User 118,RETIFICACAO
3047,2,PC-29,Automovel,152000,3,0,900,2018-09-14 08:13:09,2018-09-14 12:10:24,Torno,User 51,RETIFICACAO
3047,2,PC-29,Automovel,152000,3,0,900,2018-09-15 07:05:59,2018-10-26 01:22:28,Bancada,User 118,RETIFICACAO
3047,2,PC-29,Automovel,152000,3,0,900,2018-10-30 09:05:26,2018-10-30 11:26:27,Estrutura,User 25,RETIFICACAO
3047,2,PC-29,Automovel,152000,3,0,900,2018-11-06 17:26:40,2018-11-06 18:50:27,Trabalho Interno,User 25,RETIFICACAO
3047,2,PC-29,Automovel,152000,3,0,900,2018-11-12 10:12:48,2018-12-24 07:12:42,Bancada,User 15,RETIFICACAO
3047,2,PC-29,Automovel,152000,3,0,201,2018-07-16 09:55:53,2018-07-16 10:20:14,Polimento,User 13,RETIFICACAO
3047,2,PC-29,Automovel,152000,3,0,200,2018-07-10 00:23:26,2018-07-19 16:27:50,Maquinacao de Eletrodos,User 42,RETIFICACAO
3047,2,PC-29,Automovel,152000,3,0,200,2018-07-16 09:28:13,2018-07-16 09:55:53,Polimento,User 13,RETIFICACAO
3047,2,PC-29,Automovel,152000,3,0,200,2019-11-05 22:37:56,2019-11-16 14:09:09,Maquinacao,User 10,RETIFICACAO
3047,2,PC-29,Automovel,152000,3,0,80,2018-04-10 08:51:32,2018-04-10 12:30:49,Bancada,User 106,RETIFICACAO
3047,2,PC-29,Automovel,152000,3,0,80,2018-05-16 12:23:39,2018-05-16 15:20:24,Maquinacao de Eletrodos,User 42,RETIFICACAO
3047,2,PC-29,Automovel,152000,3,0,80,2018-05-16 14:05:24,2018-05-20 12:30:02,Erosao,User 39,RETIFICACAO
3047,2,PC-29,Automovel,152000,3,0,80,2018-05-18 08:34:03,2018-05-18 09:21:38,Bancada,User 106,RETIFICACAO
3047,2,PC-29,Automovel,152000,3,0,80,2018-06-15 00:13:24,2018-06-15 01:38:09,Maquinacao de Eletrodos,User 42,RETIFICACAO
3047,2,PC-29,Automovel,152000,3,0,80,2018-07-17 08:18:15,2018-07-17 12:26:49,Retificacao,User 142,RETIFICACAO
3047,2,PC-29,Automovel,152000,3,0,80,2018-11-15 19:06:21,2018-11-15 19:43:31,Maquinacao de Eletrodos,User 42,RETIFICACAO
3047,2,PC-29,Automovel,152000,3,0,80,2018-11-16 15:33:49,2018-11-20 20:53:30,Polimento,User 13,RETIFICACAO
3047,2,PC-29,Automovel,152000,3,0,80,2019-09-10 01:35:13,2019-09-15 07:14:28,Maquinacao,User 10,RETIFICACAO
3047,2,PC-29,Automovel,152000,3,0,80,2019-09-25 15:54:00,2019-10-01 08:51:20,Erosao,User 8,RETIFICACAO
3047,2,PC-29,Automovel,152000,3,0,80,2019-09-26 05:24:04,2019-10-02 02:42:50,Maquinacao,User 10,RETIFICACAO
3047,2,PC-29,Automovel,152000,3,0,80,2019-09-26 09:31:00,2019-10-02 07:20:46,Erosao,User 8,RETIFICACAO
3047,2,PC-29,Automovel,152000,3,0,80,2019-09-26 10:00:01,2019-10-02 08:44:43,Maquinacao,User 10,RETIFICACAO
3047,2,PC-29,Automovel,152000,3,0,80,2019-09-26 10:02:00,2019-10-02 10:02:42,Erosao,User 8,RETIFICACAO
3047,2,PC-29,Automovel,152000,3,0,80,2019-09-26 11:04:48,2019-10-02 12:06:10,Maquinacao,User 10,RETIFICACAO
3047,2,PC-29,Automovel,152000,3,0,80,2019-09-26 11:21:00,2019-10-02 13:18:22,Erosao,User 8,RETIFICACAO
3047,2,PC-29,Automovel,152000,3,0,80,2019-09-26 12:17:52,2019-09-26 12:24:50,Maquinacao,User 10,RETIFICACAO
3047,2,PC-29,Automovel,152000,3,0,80,2019-09-26 12:18:00,2019-10-02 14:25:22,Erosao,User 8,RETIFICACAO
3047,2,PC-29,Automovel,152000,3,0,80,2019-09-26 12:29:42,2019-10-02 14:51:16,Maquinacao,User 10,RETIFICACAO
3047,2,PC-29,Automovel,152000,3,0,80,2019-09-26 14:04:00,2019-10-03 12:58:34,Erosao,User 8,RETIFICACAO
3047,2,PC-29,Automovel,152000,3,0,80,2019-11-27 16:34:34,2019-12-04 17:43:59,Maquinacao,User 10,RETIFICACAO
3047,2,PC-29,Automovel,152000,3,0,81,2018-07-10 00:42:56,2018-07-10 12:11:18,Maquinacao de Eletrodos,User 42,RETIFICACAO
3047,2,PC-29,Automovel,152000,3,0,81,2018-07-13 14:57:32,2018-10-23 13:17:21,Erosao,User 39,RETIFICACAO
3047,2,PC-29,Automovel,152000,3,0,81,2018-11-15 19:43:31,2018-11-15 20:13:16,Maquinacao de Eletrodos,User 42,RETIFICACAO
3047,2,PC-29,Automovel,152000,3,0,81,2018-11-16 16:33:31,2019-02-26 15:37:23,Polimento,User 13,RETIFICACAO
3047,2,PC-29,Automovel,152000,3,0,81,2019-11-06 21:37:26,2020-02-18 03:38:29,Maquinacao,User 11,RETIFICACAO
3047,2,PC-29,Automovel,152000,3,0,81,2019-11-28 14:30:00,2020-03-11 17:55:54,Erosao,User 8,RETIFICACAO
3047,2,PC-29,Automovel,152000,3,0,81,2019-12-09 15:57:22,2020-03-22 22:19:01,Maquinacao,User 10,RETIFICACAO
3047,2,PC-29,Automovel,152000,3,0,81,2020-02-05 14:41:00,2020-05-20 03:50:39,Erosao,User 8,RETIFICACAO
3047,2,PC-29,Automovel,152000,3,0,82,2018-11-19 12:22:08,2018-11-20 08:17:13,Polimento,User 13,RETIFICACAO
3047,2,PC-29,Automovel,152000,3,0,82,2019-09-23 12:37:57,2019-09-24 08:45:59,Maquinacao,User 10,RETIFICACAO
3177,2+2,PA66 GF40,Automovel,104000,3,0,900,2019-04-17 13:32:45,2019-04-17 17:21:14,Trabalho Interno,User 70,RETIFICACAO
3177,2+2,PA66 GF40,Automovel,104000,3,0,900,2019-04-18 08:03:49,2019-05-08 06:10:08,Preliminares,User 70,RETIFICACAO
3177,2+2,PA66 GF40,Automovel,104000,3,0,900,2019-04-26 11:10:52,2019-05-16 10:38:32,Bancada,User 92,RETIFICACAO
3177,2+2,PA66 GF40,Automovel,104000,3,0,900,2019-04-29 08:26:46,2019-05-20 13:44:34,Preliminares,User 70,RETIFICACAO
3177,2+2,PA66 GF40,Automovel,104000,3,0,900,2019-05-07 13:43:44,2019-05-29 23:00:27,Bancada,User 10,RETIFICACAO
3177,2+2,PA66 GF40,Automovel,104000,3,0,900,2019-05-23 18:11:56,2019-05-23 18:47:38,Fresagem,User 74,RETIFICACAO
3177,2+2,PA66 GF40,Automovel,104000,3,0,900,2019-06-11 08:26:43,2019-06-11 11:35:10,Trabalho Interno,User 70,RETIFICACAO
3177,2+2,PA66 GF40,Automovel,104000,3,0,900,2019-06-11 18:41:38,2019-07-04 05:28:46,Bancada,User 96,RETIFICACAO
3177,2+2,PA66 GF40,Automovel,104000,3,0,900,2019-06-12 14:45:53,2019-06-12 16:15:00,Fresagem,User 71,RETIFICACAO
3177,2+2,PA66 GF40,Automovel,104000,3,0,900,2019-06-29 07:15:12,2019-07-21 23:28:59,Bancada,User 96,RETIFICACAO
3177,2+2,PA66 GF40,Automovel,104000,3,0,900,2019-07-01 16:00:24,2019-07-01 18:55:29,Fresagem,User 71,RETIFICACAO
3177,2+2,PA66 GF40,Automovel,104000,3,0,900,2019-07-01 16:36:41,2019-07-24 17:17:20,Bancada,User 121,RETIFICACAO
3177,2+2,PA66 GF40,Automovel,104000,3,0,900,2019-09-16 11:21:33,2019-09-16 12:33:31,Trabalho Interno,User 70,RETIFICACAO
3177,2+2,PA66 GF40,Automovel,104000,3,0,900,2019-09-16 13:34:12,2019-10-10 21:42:21,Preliminares,User 70,RETIFICACAO
3177,2+2,PA66 GF40,Automovel,104000,3,0,900,2019-09-30 11:15:18,2019-10-25 20:25:14,Bancada,User 121,RETIFICACAO
3177,2+2,PA66 GF40,Automovel,104000,3,0,900,2019-10-03 08:56:27,2019-10-28 21:58:17,Polimento,User 106,RETIFICACAO
3177,2+2,PA66 GF40,Automovel,104000,3,0,900,2019-10-03 14:16:16,2019-10-29 14:06:48,Bancada,User 64,RETIFICACAO
3177,2+2,PA66 GF40,Automovel,104000,3,0,900,2019-11-25 08:58:04,2019-11-25 09:19:01,Fresagem,User 74,RETIFICACAO
3177,2+2,PA66 GF40,Automovel,104000,3,0,900,2019-11-25 09:50:48,2019-12-21 16:47:47,Bancada,User 64,RETIFICACAO
3177,2+2,PA66 GF40,Automovel,104000,3,0,900,2019-11-27 08:56:26,2019-11-27 08:57:13,Estrutura,User 22,RETIFICACAO
3177,2+2,PA66 GF40,Automovel,104000,3,0,900,2019-11-27 08:59:07,2019-11-27 13:29:15,Preliminares,User 22,RETIFICACAO
3177,2+2,PA66 GF40,Automovel,104000,3,0,900,2019-11-27 14:09:48,2019-11-27 15:45:34,Bancada,User 64,RETIFICACAO
3177,2+2,PA66 GF40,Automovel,104000,3,0,900,2019-11-27 14:16:38,2019-12-24 00:48:00,Preliminares,User 22,RETIFICACAO
3177,2+2,PA66 GF40,Automovel,104000,3,0,900,2019-11-28 07:59:33,2019-11-28 12:32:32,Bancada,User 64,RETIFICACAO
3177,2+2,PA66 GF40,Automovel,104000,3,0,900,2019-11-28 13:23:59,2019-11-28 15:49:15,Preliminares,User 22,RETIFICACAO
3177,2+2,PA66 GF40,Automovel,104000,3,0,900,2019-11-28 13:32:58,2019-12-25 03:09:55,Bancada,User 64,RETIFICACAO
3177,2+2,PA66 GF40,Automovel,104000,3,0,900,2019-11-29 07:50:46,2019-11-29 12:30:05,Preliminares,User 22,RETIFICACAO
3177,2+2,PA66 GF40,Automovel,104000,3,0,900,2019-11-29 07:59:34,2019-11-29 10:16:33,Bancada,User 64,RETIFICACAO
3177,2+2,PA66 GF40,Automovel,104000,3,0,900,2019-12-02 06:58:16,2019-12-02 06:58:18,Preliminares,User 22,RETIFICACAO
3177,2+2,PA66 GF40,Automovel,104000,3,0,900,2019-12-03 07:59:32,2020-01-02 03:22:38,Bancada,User 121,RETIFICACAO
3177,2+2,PA66 GF40,Automovel,104000,3,0,900,2020-01-23 15:49:15,2020-01-23 17:08:20,Pe√ßas,User 77,RETIFICACAO
3177,2+2,PA66 GF40,Automovel,104000,3,0,900,2020-01-24 07:56:09,2020-02-23 03:52:53,Preliminares,User 77,RETIFICACAO
3177,2+2,PA66 GF40,Automovel,104000,3,0,900,2020-02-28 09:59:13,2020-02-28 10:59:53,Bancada,User 94,RETIFICACAO
3177,2+2,PA66 GF40,Automovel,104000,3,0,900,2020-03-02 11:37:50,2020-03-02 12:30:07,Trabalho Interno,User 25,RETIFICACAO
3177,2+2,PA66 GF40,Automovel,104000,3,0,900,2020-03-02 14:16:45,2020-04-03 08:59:55,Bancada,User 64,RETIFICACAO
3177,2+2,PA66 GF40,Automovel,104000,3,0,56,2020-03-13 15:59:19,2020-03-14 05:20:38,Retificacao,User 142,RETIFICACAO
3177,2+2,PA66 GF40,Automovel,104000,3,0,81,2019-03-20 20:31:24,2019-03-20 20:52:24,Maquinacao de Eletrodos,User 42,RETIFICACAO
3177,2+2,PA66 GF40,Automovel,104000,3,0,81,2019-03-25 08:57:11,2019-03-29 13:37:09,Erosao,User 8,RETIFICACAO
3177,2+2,PA66 GF40,Automovel,104000,3,0,81,2019-03-25 14:11:05,2019-03-25 15:16:35,Maquinacao de Eletrodos,User 42,RETIFICACAO
3177,2+2,PA66 GF40,Automovel,104000,3,0,81,2019-03-25 14:31:00,2019-03-30 00:30:00,Erosao,User 39,RETIFICACAO
3177,2+2,PA66 GF40,Automovel,104000,3,0,81,2019-05-04 02:18:02,2019-05-04 08:12:53,Maquinacao de Eletrodos,User 42,RETIFICACAO
3177,2+2,PA66 GF40,Automovel,104000,3,0,81,2019-06-12 09:16:53,2019-06-12 11:06:28,Fresagem,User 71,RETIFICACAO
3177,2+2,PA66 GF40,Automovel,104000,3,0,81,2019-07-10 09:50:41,2019-07-10 10:34:31,Maquinacao de Eletrodos,User 42,RETIFICACAO
3177,2+2,PA66 GF40,Automovel,104000,3,0,81,2019-07-10 13:07:45,2019-07-15 00:35:25,Maquinacao,User 10,RETIFICACAO
3177,2+2,PA66 GF40,Automovel,104000,3,0,80,2019-05-08 14:11:32,2019-05-23 00:19:56,Polimento,User 13,RETIFICACAO
3177,2+2,PA66 GF40,Automovel,104000,3,0,80,2019-09-28 11:49:50,2019-10-13 05:09:27,Maquinacao de Eletrodos,User 42,RETIFICACAO
3177,2+2,PA66 GF40,Automovel,104000,3,0,80,2019-10-03 15:06:50,2019-10-03 15:32:07,Bancada,User 106,RETIFICACAO
3177,2+2,PA66 GF40,Automovel,104000,3,0,80,2019-12-04 20:13:39,2019-12-05 09:24:18,Maquinacao de Eletrodos,User 42,RETIFICACAO
3177,2+2,PA66 GF40,Automovel,104000,3,0,80,2019-12-06 13:33:17,2019-12-06 13:44:04,Polimento,User 13,RETIFICACAO
3177,2+2,PA66 GF40,Automovel,104000,3,0,80,2019-12-09 15:04:49,2019-12-09 15:45:24,Maquinacao de Eletrodos,User 42,RETIFICACAO
3177,2+2,PA66 GF40,Automovel,104000,3,0,80,2020-03-03 16:05:36,2020-03-18 09:43:22,Maquinacao,User 10,RETIFICACAO
3177,2+2,PA66 GF40,Automovel,104000,3,0,82,2019-05-06 20:11:23,2019-05-08 00:04:52,Maquinacao de Eletrodos,User 42,RETIFICACAO
3177,2+2,PA66 GF40,Automovel,104000,3,0,82,2019-05-08 12:20:56,2019-05-09 17:04:05,Polimento,User 13,RETIFICACAO
3177,2+2,PA66 GF40,Automovel,104000,3,0,82,2019-09-28 16:26:03,2019-09-28 20:51:19,Maquinacao de Eletrodos,User 42,RETIFICACAO
3177,2+2,PA66 GF40,Automovel,104000,3,0,82,2019-12-06 16:43:24,2019-12-06 17:00:08,Polimento,User 13,RETIFICACAO
3177,2+2,PA66 GF40,Automovel,104000,3,0,82,2020-03-03 16:34:04,2020-03-04 23:06:10,Maquinacao,User 10,RETIFICACAO
3177,2+2,PA66 GF40,Automovel,104000,3,0,100,2019-03-20 19:20:14,2019-03-20 20:31:24,Maquinacao de Eletrodos,User 42,RETIFICACAO
3177,2+2,PA66 GF40,Automovel,104000,3,0,100,2019-03-26 10:56:00,2019-03-31 02:04:12,Erosao,User 8,RETIFICACAO
3177,2+2,PA66 GF40,Automovel,104000,3,0,100,2019-04-27 13:14:34,2019-04-27 14:52:29,Maquinacao de Eletrodos,User 42,RETIFICACAO
3177,2+2,PA66 GF40,Automovel,104000,3,0,100,2019-04-30 08:53:19,2019-05-05 02:41:53,Erosao,User 39,RETIFICACAO
3177,2+2,PA66 GF40,Automovel,104000,3,0,100,2019-05-03 17:33:26,2019-05-03 20:05:57,Maquinacao de Eletrodos,User 42,RETIFICACAO
3177,2+2,PA66 GF40,Automovel,104000,3,0,100,2019-05-06 09:13:00,2019-05-11 05:28:06,Erosao,User 8,RETIFICACAO
3177,2+2,PA66 GF40,Automovel,104000,3,0,100,2019-05-06 10:16:24,2019-05-06 10:23:49,Maquinacao de Eletrodos,User 42,RETIFICACAO
3177,2+2,PA66 GF40,Automovel,104000,3,0,100,2019-05-06 10:28:00,2019-05-11 21:45:35,Erosao,User 8,RETIFICACAO
3177,2+2,PA66 GF40,Automovel,104000,3,0,100,2019-05-07 14:44:05,2019-05-07 15:06:05,Maquinacao de Eletrodos,User 42,RETIFICACAO
3177,2+2,PA66 GF40,Automovel,104000,3,0,100,2019-05-07 15:25:13,2019-05-13 07:19:16,Erosao,User 8,RETIFICACAO
3177,2+2,PA66 GF40,Automovel,104000,3,0,100,2019-05-08 11:59:47,2019-05-08 12:33:17,Maquinacao de Eletrodos,User 42,RETIFICACAO
3177,2+2,PA66 GF40,Automovel,104000,3,0,100,2019-05-08 16:16:04,2019-05-14 10:24:48,Erosao,User 8,RETIFICACAO
3177,2+2,PA66 GF40,Automovel,104000,3,0,100,2019-12-04 16:17:39,2019-12-04 18:16:31,Maquinacao de Eletrodos,User 42,RETIFICACAO
3177,2+2,PA66 GF40,Automovel,104000,3,0,100,2019-12-06 09:00:17,2019-12-12 04:07:58,Erosao,User 8,RETIFICACAO
3177,2+2,PA66 GF40,Automovel,104000,3,0,103,2019-05-06 17:32:07,2019-05-07 05:06:11,Erosao,User 8,RETIFICACAO
3177,2+2,PA66 GF40,Automovel,104000,3,0,57,2020-03-12 18:30:40,2020-03-13 10:32:05,Fresagem,User 72,RETIFICACAO
3177,2+2,PA66 GF40,Automovel,104000,3,0,200,2019-04-27 14:52:29,2019-04-27 17:16:34,Maquinacao de Eletrodos,User 42,RETIFICACAO
3177,2+2,PA66 GF40,Automovel,104000,3,0,200,2019-04-30 11:29:42,2019-05-19 00:37:55,Erosao,User 8,RETIFICACAO
3177,2+2,PA66 GF40,Automovel,104000,3,0,200,2019-05-03 20:05:57,2019-05-04 02:18:02,Maquinacao de Eletrodos,User 42,RETIFICACAO
3177,2+2,PA66 GF40,Automovel,104000,3,0,200,2019-05-07 14:49:17,2019-05-07 15:08:03,Polimento,User 13,RETIFICACAO
3177,2+2,PA66 GF40,Automovel,104000,3,0,200,2019-05-08 08:26:22,2019-05-27 00:23:31,Erosao,User 8,RETIFICACAO
3177,2+2,PA66 GF40,Automovel,104000,3,0,200,2019-12-04 18:16:31,2019-12-04 20:13:39,Maquinacao de Eletrodos,User 42,RETIFICACAO
3177,2+2,PA66 GF40,Automovel,104000,3,0,200,2019-12-05 13:39:27,2019-12-24 06:34:32,Erosao,User 8,RETIFICACAO
3177,2+2,PA66 GF40,Automovel,104000,3,0,200,2019-12-09 09:15:56,2019-12-09 09:27:26,Maquinacao de Eletrodos,User 42,RETIFICACAO
3177,2+2,PA66 GF40,Automovel,104000,3,0,200,2019-12-10 13:54:32,2019-12-10 15:07:46,Polimento,User 13,RETIFICACAO
3177,2+2,PA66 GF40,Automovel,104000,3,0,201,2019-05-07 08:03:46,2019-05-08 12:07:22,Erosao,User 8,RETIFICACAO
3177,2+2,PA66 GF40,Automovel,104000,3,0,201,2019-05-07 16:49:55,2019-05-07 17:17:00,Maquinacao de Eletrodos,User 42,RETIFICACAO
3177,2+2,PA66 GF40,Automovel,104000,3,0,201,2019-05-07 17:10:50,2019-05-08 21:48:56,Erosao,User 8,RETIFICACAO
3177,2+2,PA66 GF40,Automovel,104000,3,0,201,2019-05-08 10:16:26,2019-05-08 10:57:40,Polimento,User 13,RETIFICACAO
3177,2+2,PA66 GF40,Automovel,104000,3,0,201,2019-05-08 13:35:56,2019-05-09 23:07:41,Erosao,User 8,RETIFICACAO
3177,2+2,PA66 GF40,Automovel,104000,3,0,201,2019-12-10 12:07:13,2019-12-11 22:45:39,Polimento,User 13,RETIFICACAO
3177,2+2,PA66 GF40,Automovel,104000,3,0,202,2019-05-06 14:08:00,2019-05-08 21:24:18,Erosao,User 8,RETIFICACAO
3177,2+2,PA66 GF40,Automovel,104000,3,0,202,2019-05-07 14:32:47,2019-05-07 14:49:17,Polimento,User 13,RETIFICACAO
3177,2+2,PA66 GF40,Automovel,104000,3,0,202,2019-12-05 11:45:10,2019-12-07 19:55:54,Erosao,User 39,RETIFICACAO
3177,2+2,PA66 GF40,Automovel,104000,3,0,202,2019-12-10 11:03:07,2019-12-10 12:07:13,Polimento,User 13,RETIFICACAO
3177,2+2,PA66 GF40,Automovel,104000,3,0,203,2019-05-06 15:15:20,2019-05-07 16:50:54,Erosao,User 8,RETIFICACAO
3177,2+2,PA66 GF40,Automovel,104000,3,0,203,2019-05-07 15:08:03,2019-05-07 15:37:19,Polimento,User 13,RETIFICACAO
3177,2+2,PA66 GF40,Automovel,104000,3,0,203,2019-12-05 14:25:23,2019-12-06 16:54:53,Erosao,User 8,RETIFICACAO
3177,2+2,PA66 GF40,Automovel,104000,3,0,203,2019-12-10 09:54:35,2019-12-10 11:03:07,Polimento,User 13,RETIFICACAO
3177,2+2,PA66 GF40,Automovel,104000,3,0,101,2019-05-06 11:17:32,2019-05-07 09:08:45,Erosao,User 8,RETIFICACAO
3177,2+2,PA66 GF40,Automovel,104000,3,0,101,2019-10-02 09:51:53,2019-10-02 10:15:03,Maquinacao de Eletrodos,User 42,RETIFICACAO
3177,2+2,PA66 GF40,Automovel,104000,3,0,101,2019-12-05 16:32:36,2019-12-07 00:31:22,Erosao,User 39,RETIFICACAO
3177,2+2,PA66 GF40,Automovel,104000,3,0,102,2019-05-06 16:48:36,2019-05-08 11:50:31,Erosao,User 8,RETIFICACAO
3177,2+2,PA66 GF40,Automovel,104000,3,0,102,2019-10-02 17:40:26,2019-10-02 19:00:06,Bancada,User 106,RETIFICACAO
3177,2+2,PA66 GF40,Automovel,104000,3,0,1,2019-03-27 15:28:39,2019-03-27 17:57:02,Erosao,User 39,RETIFICACAO
